dataset,folds,method,n_seeds,crps,cov80,spread_skill,bias,single_seed_mean,single_seed_sd
german,random,raw_ensemble_gauss,0.000000,1.151866,0.394626,0.425442,-0.047845,,
german,random,emos_gl,0.000000,1.009712,0.801062,0.941001,0.176694,,
german,random,emos_bst_gl,0.000000,0.912544,0.816308,0.997596,0.139335,,
german,random,nn_unk,3.000000,0.870590,0.748005,0.857789,0.202887,0.882165,0.000970
german,random,nn_knn,3.000000,0.884933,0.752988,0.873914,-0.260117,0.900499,0.007038
german,random,nn_noemb,3.000000,0.858037,0.774402,0.923045,0.206995,0.866351,0.001986
german,random,nn_attr,3.000000,0.856322,0.769710,0.909749,0.196336,0.866608,0.003560
german,random,nn_hybrid,3.000000,0.856467,0.761324,0.882646,0.224784,0.867141,0.004892
german,random,nn_hybrid_knn,3.000000,0.865958,0.754470,0.868937,0.245681,0.876465,0.004861
german,random,nn_hybrid_res,3.000000,0.853061,0.760946,0.893692,0.191577,0.861948,0.001230
german,random,drn_lak,3.000000,0.864499,0.809722,0.979441,0.189994,0.872048,0.001603
german,random,gnn_geo,3.000000,0.883995,0.834577,1.052281,0.150781,0.897410,0.003739
german,random,samos_mlp,3.000000,0.854387,0.777278,0.926192,0.183012,0.867281,0.000527
german,random,samos_attn,3.000000,0.873829,0.733555,0.830271,0.246559,0.895310,0.004005
german,random,nn_unk@10seeds,10.000000,0.864696,0.751325,0.860783,0.192534,0.880662,0.002356
german,random,nn_knn@10seeds,10.000000,0.880046,0.754964,0.874643,-0.272350,0.901392,0.006247
german,random,nn_noemb@10seeds,10.000000,0.855128,0.778540,0.926872,0.211373,0.866479,0.001896
german,random,nn_attr@10seeds,10.000000,0.851994,0.773590,0.914001,0.196422,0.867241,0.004720
german,random,nn_hybrid@10seeds,10.000000,0.851996,0.763031,0.885874,0.205192,0.865710,0.002865
german,random,nn_hybrid_knn@10seeds,10.000000,0.861837,0.756243,0.872225,0.225631,0.875258,0.002820
german,random,nn_hybrid_res@10seeds,10.000000,0.850858,0.761160,0.889708,0.199373,0.862797,0.002266
german,spatial,raw_ensemble_gauss,0.000000,1.151866,0.394626,0.425442,-0.047845,,
german,spatial,emos_gl,0.000000,1.013047,0.798291,0.937616,0.170095,,
german,spatial,emos_bst_gl,0.000000,0.915783,0.817016,1.000930,0.127460,,
german,spatial,nn_unk,3.000000,0.892231,0.751089,0.860258,0.226316,0.905148,0.007317
german,spatial,nn_knn,3.000000,0.907042,0.754552,0.876091,-0.286990,0.923503,0.006968
german,spatial,nn_noemb,3.000000,0.877689,0.771411,0.914599,0.203550,0.886257,0.001128
german,spatial,nn_attr,3.000000,0.912648,0.748548,0.866010,0.179277,0.927322,0.007919
german,spatial,nn_hybrid,3.000000,0.895975,0.743351,0.848605,0.210565,0.912753,0.017514
german,spatial,nn_hybrid_knn,3.000000,0.906657,0.734982,0.837546,0.217441,0.922985,0.019728
german,spatial,nn_hybrid_res,3.000000,0.897657,0.745448,0.851921,0.207516,0.912357,0.007043
german,spatial,drn_lak,3.000000,0.879475,0.808290,0.976488,0.180517,0.886588,0.002965
german,spatial,gnn_geo,3.000000,0.904769,0.828409,1.036432,0.225490,0.916754,0.004777
german,spatial,samos_mlp,3.000000,0.878390,0.768717,0.906850,0.179694,0.890899,0.004350
german,spatial,samos_attn,3.000000,0.886523,0.749339,0.860215,0.189925,0.906135,0.003782
euppbench,random,raw_ensemble_gauss,0.000000,1.211298,0.512196,0.581445,-0.350754,,
euppbench,random,emos_gl,0.000000,1.113929,0.816963,0.981413,0.048199,,
euppbench,random,emos_bst_gl,0.000000,0.962502,0.844095,1.071273,0.091125,,
euppbench,random,nn_unk,3.000000,0.920511,0.787778,0.942639,0.065759,0.935232,0.006807
euppbench,random,nn_knn,3.000000,0.927591,0.785275,0.943955,-0.112778,0.945496,0.009455
euppbench,random,nn_noemb,3.000000,0.942682,0.786804,0.942674,0.062076,0.955481,0.006101
euppbench,random,nn_attr,3.000000,0.939221,0.785715,0.934960,0.039756,0.973828,0.019529
euppbench,random,nn_hybrid,3.000000,0.930950,0.790546,0.939799,0.044536,0.952502,0.010258
euppbench,random,nn_hybrid_knn,3.000000,0.931311,0.790818,0.940222,0.040283,0.953013,0.010499
euppbench,random,nn_hybrid_res,3.000000,0.913416,0.792777,0.952658,0.072836,0.929674,0.001021
euppbench,random,drn_lak,3.000000,0.916995,0.848115,1.061020,0.066263,0.922928,0.001073
euppbench,random,gnn_geo,3.000000,0.946778,0.843468,1.059304,0.094237,0.966922,0.004572
euppbench,random,samos_mlp,3.000000,0.919768,0.796145,0.955226,0.040322,0.938051,0.006854
euppbench,random,samos_attn,3.000000,0.936370,0.776766,0.917212,0.063230,0.956137,0.020119
euppbench,random,nn_unk@10seeds,10.000000,0.912167,0.798709,0.959623,0.076928,0.931513,0.005526
euppbench,random,nn_knn@10seeds,10.000000,0.919045,0.797376,0.965434,-0.142286,0.944004,0.006519
euppbench,random,nn_noemb@10seeds,10.000000,0.938504,0.788690,0.945276,0.062631,0.957273,0.009410
euppbench,random,nn_attr@10seeds,10.000000,0.936794,0.787917,0.929560,0.053250,0.974253,0.011533
euppbench,random,nn_hybrid@10seeds,10.000000,0.925043,0.794918,0.946861,0.052217,0.950524,0.006925
euppbench,random,nn_hybrid_knn@10seeds,10.000000,0.925468,0.795202,0.947487,0.048174,0.951084,0.006798
euppbench,random,nn_hybrid_res@10seeds,10.000000,0.912658,0.798395,0.960474,0.063481,0.935446,0.010978
euppbench,spatial,raw_ensemble_gauss,0.000000,1.211298,0.512196,0.581445,-0.350754,,
euppbench,spatial,emos_gl,0.000000,1.139464,0.810775,0.967426,0.050359,,
euppbench,spatial,emos_bst_gl,0.000000,0.977002,0.837980,1.186762,0.048662,,
euppbench,spatial,nn_unk,3.000000,0.983192,0.776499,0.936105,0.085707,0.999797,0.019060
euppbench,spatial,nn_knn,3.000000,0.980133,0.777544,0.942093,-0.021467,1.000858,0.021512
euppbench,spatial,nn_noemb,3.000000,1.075931,0.744972,0.893735,0.110999,1.098706,0.025461
euppbench,spatial,nn_attr,3.000000,1.155987,0.729166,0.762918,0.179164,1.212661,0.091880
euppbench,spatial,nn_hybrid,3.000000,1.113062,0.738852,0.792597,0.135609,1.146718,0.033166
euppbench,spatial,nn_hybrid_knn,3.000000,1.111857,0.739353,0.793893,0.133516,1.145387,0.034376
euppbench,spatial,nn_hybrid_res,3.000000,0.980277,0.780505,0.954262,-0.066126,1.008905,0.008413
euppbench,spatial,drn_lak,3.000000,1.078696,0.803463,0.846793,-0.354104,1.090326,0.088547
euppbench,spatial,gnn_geo,3.000000,1.042339,0.819868,1.005012,-0.150695,1.074678,0.052561
euppbench,spatial,samos_mlp,3.000000,1.002321,0.761108,0.866416,-0.099019,1.025714,0.021023
euppbench,spatial,samos_attn,3.000000,1.021848,0.771623,0.829583,-0.183083,1.050719,0.109193
