station,country,name,lat,lon,alt,orog,lu_group,fold
11101,austria,Bregenz,47.499168,9.746110999999999,424.0,689.2536728903,0,4
11105,austria,Feldkirch,47.266666,9.6,439.0,972.9387233408,1,4
11308,austria,Warth,47.255833,10.186111,1478.0,1752.4607823518,0,4
11312,austria,Galtuer,46.968056,10.185555,1587.0,2105.4355494741,0,4
106472,belgium,Humain,50.193663,5.255236,295.3,286.6187510914,1,5
106479,belgium,Kleine-Brogel,51.168831,5.462697,55.2,41.3260160596,0,0
106400,belgium,Koksijde,51.088083,2.652403,4.7,7.3694661674,0,0
106494,belgium,Mont Rigi,50.510779,6.073438,673.2,432.5911020838,3,5
106465,belgium,Schaffen,50.996967,5.061964,52.2,30.2620951488,1,0
106451,belgium,Zaventem/Melsbroek,50.896391,4.526765,58.0,17.7705715398,1,0
106490,belgium,Spa (Aerodrome),50.478615,5.909864,482.0,432.5911020838,0,5
106458,belgium,Beauvechain,50.745686,4.763278,121.3,97.1044929095,0,0
106434,belgium,Melle,50.980293,3.816003,15.0,17.9745147824,1,0
106459,belgium,Ernage,50.581913,4.689214,159.2,172.1556061846,1,0
106590,belgium,Luxembourg,49.63265182,6.232928668,367.12,303.240125363,0,5
106432,belgium,Chievres,50.572161,3.831372,60.5,58.6611916802,1,0
106455,belgium,Dourbes,50.095445,4.59459,234.8,279.8886240858,0,0
106478,belgium,Bierset,50.645282,5.458738,178.0,119.7931786482,0,5
106477,belgium,Diepenbeek,50.915458,5.450296,39.3,46.2716396925,1,0
106450,belgium,Deurne,51.191399,4.451755,14.0,6.706650629,0,0
106476,belgium,Saint-Hubert,50.038875,5.403753,557.0,438.2505270658,0,5
106449,belgium,Gosselies,50.454432,4.442053,192.0,153.4947994871,0,0
106447,belgium,Uccle-Ukkel,50.796862,4.357871,100.6,75.8943956795,0,0
106464,belgium,Retie,51.221395,5.027247,21.5,29.2423789358,1,0
106496,belgium,Elsenborn,50.482358,6.1813,565.1,505.3478538798,2,5
106456,belgium,Florennes,50.234581,4.652958,288.1,221.2549418395,1,0
106414,belgium,Beitem,50.90398,3.121692,24.8,16.8528269481,1,0
106428,belgium,Semmerzake,50.940564,3.669711,35.5,17.9745147824,0,0
106407,belgium,Middelkerke,51.200341,2.8873059999999997,3.5,3.9534168539000003,0,0
106418,belgium,Zeebrugge,51.347375,3.201846,12.1,3.0356722623,4,0
106484,belgium,Buzenol,49.620358,5.587229,323.9,277.6452484172,1,5
207190,france,Strasbourg-Entzheim,48.5495,7.640333,150.0,180.7212223737,1,4
207168,france,Troyes-Barberey,48.324667,4.02,112.0,155.4322602918,0,1
207280,france,Dijon-Longvic,47.267833,5.088333,219.0,310.786025339,0,1
207181,france,Nancy-Ochey,48.581,5.959833,336.0,344.8955326631,0,5
207299,france,Bale-Mulhouse,47.614333,7.51,263.0,450.3851500003,0,4
207460,france,Clermont-Fd,45.786833,3.149333,331.0,521.7142990981,0,1
207015,france,Lille-Lesquin,50.57,3.0975,47.0,30.2620951488,0,0
300460,germany,Berus,49.2641,6.6868,363.0,262.859363329,2,5
300662,germany,Braunschweig,52.2915,10.4464,81.44,80.4321328273,1,2
300691,germany,Bremen,53.045,8.7979,4.28,21.6964789597,0,2
300704,germany,Bremervörde,53.4451,9.139,10.57,13.538749255900001,1,2
300953,germany,Deuselbach,49.7619,7.0542,480.5,415.8677810864,1,5
300963,germany,Diepholz,52.5881,8.3424,37.7,51.1662775148,0,2
301078,germany,Düsseldorf,51.296,6.7686,36.6,66.7679355734,0,5
301303,germany,Essen-Bredeney,51.4041,6.9677,150.0,71.6625733957,1,5
301346,germany,Feldberg/Schwarzwald,47.8749,8.0038,1489.6,737.6901930068,2,4
301420,germany,Frankfurt/Main,50.0259,8.5213,99.7,149.5179062565,0,6
301443,germany,Freiburg,48.0232,7.8343,236.46,398.9404919509,0,4
301468,germany,Freudenstadt,48.4538,8.409,796.54,646.323620324,1,4
301580,germany,Geisenheim,49.9859,7.9548000000000005,110.2,265.765554536,1,6
301639,germany,Gießen/Wettenberg,50.6017,8.6439,202.7,239.7118052944,1,6
301691,germany,Göttingen,51.5002,9.9507,167.42,265.918511968,1,2
301766,germany,Münster/Osnabrück,52.1344,7.6969,47.8,67.5327227331,1,2
302014,germany,Hannover,52.4644,9.6779,58.46,47.4952991481,0,2
302171,germany,"Hersfeld, Bad",50.852,9.7377,272.2,371.7650548751,0,6
302483,germany,Kahler Asten,51.1803,8.4891,839.0,521.2554268022,2,2
302559,germany,Kempten,47.7233,10.3348,705.2,821.7148089562,1,4
302597,germany,"Kissingen, Bad",50.224,10.0792,281.8,381.2994014664,1,6
302601,germany,Kleiner Feldberg/Tau,50.2218,8.4469,825.6,253.274030927,2,6
302638,germany,Klippeneck,48.1054,8.7548,973.46,721.3237477885,0,4
302667,germany,Köln-Bonn,50.8646,7.1575,92.0,148.9060765287,0,5
302712,germany,Konstanz,47.6952,9.1307,428.06,500.9120883533,1,4
302812,germany,Lahr,48.3647,7.828,155.74,172.3085636166,1,4
302925,germany,Leinefelde,51.3933,10.3123,356.0,313.8451739779,1,2
303028,germany,"Lippspringe, Bad",51.7854,8.838799999999999,157.0,187.9102216752,1,2
303098,germany,Lüdenscheid,51.2452,7.6425,386.7,351.4727022368,1,5
303167,germany,"Marienberg, Bad",50.6621,7.9603,546.6,388.4374149573,1,6
303231,germany,Meiningen,50.5611,10.3771,450.0,466.1907513014,0,6
303287,germany,Michelstadt-Vielbrun,49.7177,9.0997,453.0,313.0294010075,1,6
303660,germany,Nürburg-Barweiler,50.3602,6.8697,485.0,481.2315654428,1,5
303730,germany,Oberstdorf,47.3984,10.2759,805.76,1195.6447442552,1,4
303761,germany,Öhringen,49.207,9.5176,275.94,322.4617759776,0,6
304336,germany,Saarbrücken-Ensheim,49.2128,7.1077,320.0,263.3692214355,1,5
304371,germany,"Salzuflen, Bad",52.1042,8.7521,134.6,151.4553670612,2,2
304745,germany,Soltau,52.9604,9.793,75.37,67.1758220586,1,2
304887,germany,Stötten,48.6656,9.8648,733.76,522.5810578791,1,4
304928,germany,Stuttgart (Schnarren,48.8281,9.2,314.28,369.164778532,0,4
304931,germany,Stuttgart-Echterding,48.6883,9.2235,371.0,369.164778532,0,4
305029,germany,Tholey,49.4737,7.0385,385.9,365.5957717866,0,5
305100,germany,Trier-Petrisberg,49.7479,6.6583,265.0,365.2898569227,0,5
305371,germany,Wasserkuppe,50.4973,9.9427,921.0,460.1234398342,0,6
305426,germany,Weinbiet,49.3758,8.1212,553.0,274.484128157,2,6
305705,germany,Würzburg,49.7704,9.9576,268.0,269.6404761453,1,6
305839,germany,Emden,53.3881,7.2287,-0.27,-0.0744621873,1,3
305871,germany,Hahn,49.9463,7.2645,497.0,378.4951818807,0,5
305906,germany,Mannheim,49.5062,8.5585,98.0,176.2344710366,1,6
400278,netherlands,Heino,52.435,6.259,3.6,7.57340941,1,3
400323,netherlands,Wilhelminadorp,51.527,3.884,1.4,1.2511688895,1,0
400370,netherlands,Eindhoven,51.451,5.377,22.6,16.6488837055,0,0
400242,netherlands,Vlieland,53.241,4.921,10.8,0.3334242979,2,3
400286,netherlands,Nieuw Beerta,53.196,7.15,-0.2,-0.0234763767,1,3
400283,netherlands,Hupsel,52.069,6.657,29.1,45.3029092902,1,3
400260,netherlands,De Bilt,52.1,5.18,1.9,2.5767999664,1,3
400348,netherlands,Cabauw,51.97,4.926,-0.7000000000000001,-0.9412209684,1,3
400290,netherlands,Twenthe,52.274,6.891,34.8,38.6747539058,0,3
400275,netherlands,Deelen,52.056,5.873,48.2,22.1043654449,0,3
400270,netherlands,Leeuwarden,53.224,5.752,1.2,-2.9806533943,0,3
400235,netherlands,De Kooy,52.928,4.781,1.2,-1.7060081281000001,0,3
400240,netherlands,Schiphol,52.318,4.79,-3.3,-1.2981216429,0,3
400273,netherlands,Marknesse,52.703,5.888,-3.3,-4.2552986605,1,3
400269,netherlands,Lelystad,52.458,5.52,-3.7,-2.0629088026,0,3
400277,netherlands,Lauwersoog,53.413,6.2,2.9,0.28243848720000003,4,3
400310,netherlands,Vlissingen,51.442,3.596,8.0,2.1179276706,4,0
400267,netherlands,Stavoren,52.898,5.384,-1.3,1.7100411854000002,1,3
400319,netherlands,Westdorpe,51.226,3.8609999999999998,1.7000000000000002,-2.011922992,1,0
400375,netherlands,Volkel,51.659,5.707,22.0,13.6407208772,0,3
400251,netherlands,Hoorn (Terschelling),53.392,5.346,0.7000000000000001,1.3021547002,1,3
400350,netherlands,Gilze-Rijen,51.566,4.936,14.9,15.7821249245,0,0
400279,netherlands,Hoogeveen,52.75,6.574,15.8,9.8167850786,1,3
400391,netherlands,Arcen,51.498,6.197,19.5,28.5285775867,0,3
400380,netherlands,Maastricht,50.906,5.7620000000000005,114.3,54.8372558815,0,5
400280,netherlands,Eelde,53.125,6.585,5.2,0.5883533511,0,3
400356,netherlands,Herwijnen,51.859,5.146,0.7000000000000001,1.5060979427999999,1,3
400340,netherlands,Woensdrecht,51.449,4.342,19.2,3.9534168539000003,0,0
400344,netherlands,Rotterdam,51.962,4.447,-4.3,-0.125447998,0,0
400330,netherlands,Hoek Van Holland,51.992,4.122,11.9,0.6393391618,2,0
