station,lat,lon,alt,orog,fold
1,50.78269958496094,6.094099998474121,202.0,107.43946075439453,0
2,52.48529815673828,7.912600040435791,65.0,47.63252258300781,1
3,50.744598388671875,9.345000267028809,300.0,348.8699035644531,4
4,53.861698150634766,8.12660026550293,32.0,-0.19300344586372375,1
5,51.08810043334961,12.932600021362305,296.0,296.8392028808594,3
6,48.40599822998047,11.311699867248535,510.0,461.5752868652344,6
7,49.727298736572266,8.116399765014648,215.0,246.74423217773438,0
8,49.46910095214844,11.854599952697754,383.0,481.33294677734375,6
9,48.01969909667969,12.292400360107422,515.0,627.5128173828125,6
10,53.03160095214844,13.990699768066406,54.0,49.26786804199219,5
11,53.84120178222656,13.684599876403809,9.0,16.193830490112305,5
12,52.8760986328125,11.504199981689453,30.0,41.52500534057617,5
13,54.67919921875,13.434300422668457,42.0,1.4423425197601318,5
14,49.96950149536133,9.911299705505371,220.0,326.77606201171875,4
15,51.3745002746582,11.291999816894531,164.0,186.77041625976562,4
16,47.87739944458008,11.3641996383667,672.0,645.2012939453125,6
17,50.5906982421875,12.71399974822998,387.0,521.1820068359375,3
18,48.42539978027344,10.942000389099121,461.0,483.201904296875,6
19,48.72700119018555,8.245800018310547,240.0,401.9352111816406,2
20,47.806400299072266,7.638700008392334,273.0,434.8757629394531,2
21,49.87419891357422,10.920599937438965,240.0,400.8338623046875,4
22,52.31990051269531,9.430000305175781,110.0,75.70040130615234,1
23,54.340599060058594,12.710800170898438,3.0,2.3768258094787598,5
24,52.0614013671875,13.499600410461426,55.0,65.32095336914062,3
25,51.160400390625,14.504199981689453,232.0,300.6438903808594,3
26,49.96670150756836,11.519700050354004,350.0,466.44793701171875,4
27,51.720401763916016,8.057700157165527,120.0,239.26837158203125,0
28,49.56169891357422,8.967300415039062,450.0,254.08660888671875,2
29,50.41350173950195,7.588600158691406,127.0,300.6438903808594,0
30,52.81520080566406,9.924799919128418,70.0,48.3333854675293,1
31,49.106998443603516,7.996699810028076,210.0,272.0086669921875,2
32,50.983699798583984,8.368300437927246,610.0,369.32843017578125,0
33,52.519798278808594,13.405400276184082,37.0,49.334617614746094,3
34,52.63090133666992,13.50220012664795,60.0,49.334617614746094,3
35,52.45370101928711,13.3016996383667,51.0,49.334617614746094,3
36,52.40399932861328,13.730899810791016,33.0,49.334617614746094,3
37,52.380699157714844,13.530599594116211,46.0,49.334617614746094,3
38,52.56439971923828,13.308799743652344,36.0,49.334617614746094,3
39,52.467498779296875,13.402099609375,48.0,49.334617614746094,3
40,51.821800231933594,11.71090030670166,84.0,124.52715301513672,4
41,49.91859817504883,7.066400051116943,120.0,369.8957824707031,0
42,49.263999938964844,6.686800003051758,363.0,319.0665588378906,0
43,50.037200927734375,7.3078999519348145,417.0,325.1407165527344,0
44,53.3911018371582,10.687800407409668,45.0,37.253082275390625,1
45,54.00279998779297,11.190799713134766,15.0,26.773517608642578,5
46,50.734901428222656,7.1930999755859375,159.0,312.95904541015625,0
47,51.872798919677734,6.886199951171875,48.0,46.83153533935547,0
48,51.7234001159668,10.602100372314453,607.0,293.33489990234375,4
49,52.29140090942383,10.446499824523926,81.0,95.52479553222656,4
50,53.04499816894531,8.797900199890137,4.0,28.809356689453125,1
51,53.533199310302734,8.57610034942627,7.0,6.748873233795166,1
52,53.445098876953125,9.138999938964844,10.0,12.823015213012695,1
53,51.79859924316406,10.618300437927246,1134.0,219.21034240722656,4
54,49.5181999206543,9.32129955291748,340.0,307.31878662109375,2
55,47.962501525878906,7.998300075531006,445.0,535.6331176757812,2
56,50.174598693847656,7.059500217437744,477.0,369.8957824707031,0
57,52.281700134277344,9.088899612426758,68.0,67.39016723632812,1
58,51.030601501464844,8.814599990844727,293.0,355.01080322265625,0
59,50.43130111694336,12.61139965057373,897.0,521.1820068359375,3
60,52.59590148925781,10.029600143432617,39.0,84.44448852539062,1
61,50.79130172729492,12.871999740600586,418.0,296.8392028808594,3
62,47.884300231933594,12.540399551391602,551.0,627.5128173828125,6
63,50.30670166015625,10.968000411987305,345.0,436.010498046875,4
64,51.7760009765625,14.316800117492676,69.0,66.18869018554688,3
65,53.871299743652344,8.70580005645752,5.0,1.5758401155471802,1
66,51.07780075073242,10.861900329589844,170.0,327.2099304199219,4
67,49.88090133666992,8.677900314331055,162.0,229.38954162597656,0
68,49.76190185546875,7.054100036621094,481.0,369.8957824707031,0
69,54.17959976196289,7.458700180053711,0.0,0.20748943090438843,1
70,52.58810043334961,8.342399597167969,38.0,57.44459533691406,1
71,50.73640060424805,8.267200469970703,314.0,291.76629638671875,0
72,48.55619812011719,10.559900283813477,419.0,507.1980895996094,6
73,50.91170120239258,13.708700180053711,365.0,299.87628173828125,3
74,51.64509963989258,13.574700355529785,97.0,125.9956283569336,3
75,51.12799835205078,13.754300117492676,227.0,281.82073974609375,3
76,51.022098541259766,13.847000122070312,114.0,281.82073974609375,3
77,52.21739959716797,12.16409969329834,80.0,76.50138092041016,3
78,49.471900939941406,8.192899703979492,107.0,246.74423217773438,2
79,51.29600143432617,6.768599987030029,37.0,91.38636779785156,0
80,48.10020065307617,11.987199783325195,592.0,631.6512451171875,6
81,49.85200119018555,10.49899959564209,346.0,350.4385070800781,4
82,48.87770080566406,11.23490047454834,384.0,442.8188781738281,6
83,48.989498138427734,10.131199836730957,460.0,443.6866149902344,2
84,54.06909942626953,9.010499954223633,3.0,9.318702697753906,1
85,50.27050018310547,12.274200439453125,560.0,521.1820068359375,4
86,48.20119857788086,8.10890007019043,440.0,535.6331176757812,2
87,48.13779830932617,7.835100173950195,201.0,535.6331176757812,2
88,47.851600646972656,8.76729965209961,540.0,604.885009765625,2
89,49.16640090942383,8.852299690246582,220.0,342.3952941894531,2
90,48.34769821166992,11.813300132751465,446.0,443.01910400390625,6
91,54.299198150634766,9.316200256347656,18.0,14.892228126525879,1
92,50.9828987121582,10.960800170898438,316.0,327.2099304199219,4
93,49.64970016479492,11.007399559020996,268.0,400.0662536621094,6
94,51.2041015625,10.013799667358398,156.0,341.8946533203125,4
95,51.25400161743164,8.156499862670898,351.0,239.26837158203125,0
96,51.40409851074219,6.967700004577637,150.0,91.38636779785156,0
97,50.71189880371094,6.790500164031982,147.0,312.95904541015625,0
98,48.48320007324219,12.724100112915039,472.0,428.0673828125,6
99,47.874900817871094,8.003800392150879,1490.0,535.6331176757812,2
100,49.9807014465332,11.837599754333496,654.0,535.9334716796875,4
101,50.42829895019531,12.953499794006348,1213.0,509.1338195800781,3
102,50.53089904785156,10.04800033569336,745.0,397.06256103515625,4
103,50.025901794433594,8.521300315856934,100.0,229.38954162597656,0
104,48.02330017089844,7.834400177001953,236.0,535.6331176757812,2
105,53.827701568603516,9.249300003051758,2.0,9.318702697753906,1
106,48.45370101928711,8.409099578857422,797.0,485.07086181640625,2
107,49.178001403808594,11.373499870300293,436.0,435.30963134765625,6
108,51.11899948120117,9.279899597167969,172.0,336.8885192871094,4
109,50.56679916381836,9.653300285339355,242.0,348.8699035644531,4
110,52.512901306152344,11.394100189208984,47.0,61.3160285949707,5
111,47.48310089111328,11.062299728393555,719.0,1268.06787109375,6
112,49.98590087890625,7.954899787902832,110.0,263.8319396972656,0
113,48.94810104370117,11.428899765014648,536.0,435.30963134765625,6
114,51.49420166015625,6.246300220489502,37.0,17.762428283691406,0
115,48.432899475097656,7.993100166320801,176.0,401.9352111816406,2
116,52.38750076293945,12.160099983215332,35.0,47.065155029296875,3
117,50.88130187988281,12.128899574279785,311.0,266.134765625,4
118,50.60169982910156,8.643899917602539,203.0,291.76629638671875,0
119,50.965599060058594,9.050000190734863,340.0,355.01080322265625,0
120,54.827301025390625,9.50570011138916,27.0,17.56218147277832,1
121,51.162200927734375,14.950599670410156,238.0,337.6894836425781,3
122,51.500301361083984,9.950599670410156,167.0,283.88995361328125,4
123,53.60599899291992,12.103300094604492,58.0,48.199886322021484,5
124,49.66400146484375,11.223899841308594,506.0,400.0662536621094,6
125,48.78929901123047,13.62909984588623,628.0,584.5599975585938,6
126,53.57310104370117,10.679699897766113,27.0,37.253082275390625,1
127,54.09669876098633,13.405599594116211,2.0,16.193830490112305,5
128,54.24369812011719,13.910200119018555,12.0,12.689517974853516,5
129,52.1343994140625,7.696899890899658,48.0,68.05765533447266,0
130,54.0713996887207,12.323800086975098,34.0,26.206151962280273,5
131,49.112998962402344,13.134200096130371,1436.0,531.628173828125,6
132,53.31529998779297,13.933799743652344,56.0,39.32229232788086,5
133,51.51380157470703,11.949899673461914,93.0,125.26139068603516,4
134,49.94449996948242,6.3821001052856445,328.0,396.7621765136719,0
135,53.633201599121094,9.988100051879883,11.0,34.249385833740234,1
136,53.477699279785156,9.895700454711914,3.0,34.249385833740234,1
137,52.46440124511719,9.677900314331055,55.0,75.70040130615234,1
138,48.79180145263672,10.706199645996094,502.0,449.05987548828125,6
139,51.90019989013672,10.569899559020996,201.0,219.21034240722656,4
140,51.652000427246094,11.136699676513672,404.0,251.149658203125,4
141,48.375099182128906,8.98009967803955,522.0,528.82470703125,2
142,49.42060089111328,8.66759967803955,110.0,224.45013427734375,2
143,51.041099548339844,6.1041998863220215,57.0,107.43946075439453,0
144,54.17499923706055,7.892000198364258,4.0,-0.19300344586372375,1
145,49.7672004699707,7.335599899291992,302.0,325.1407165527344,0
146,50.851898193359375,9.737799644470215,272.0,336.8885192871094,4
147,54.57500076293945,13.104399681091309,1.0,2.310076951980591,5
148,50.737098693847656,7.6528000831604,295.0,300.6438903808594,0
149,50.89899826049805,14.745699882507324,270.0,300.6438903808594,3
150,50.312198638916016,11.876099586486816,565.0,481.33294677734375,4
151,47.800899505615234,11.0108003616333,977.0,662.689453125,6
152,54.31460189819336,9.538999557495117,10.0,14.892228126525879,1
153,54.319400787353516,10.673199653625488,8.0,11.621536254882812,5
154,51.76570129394531,13.166600227355957,81.0,68.7585220336914,3
155,47.882301330566406,11.696200370788574,685.0,645.2012939453125,6
156,51.852901458740234,9.49530029296875,110.0,179.7617950439453,4
157,50.565101623535156,7.484300136566162,328.0,300.6438903808594,0
158,49.69269943237305,7.326399803161621,376.0,307.0851745605469,0
159,53.98970031738281,9.569600105285645,21.0,15.192598342895508,1
160,54.457000732421875,9.520299911499023,21.0,14.892228126525879,1
161,50.92509841918945,11.583000183105469,155.0,296.2718505859375,4
162,50.064300537109375,8.993000030517578,107.0,252.15087890625,0
163,51.180301666259766,8.489100456237793,839.0,369.32843017578125,0
164,49.42620086669922,7.75570011138916,271.0,246.74423217773438,2
165,51.7328987121582,6.268799781799316,31.0,40.523773193359375,0
166,50.501399993896484,6.526400089263916,505.0,329.9466247558594,0
167,49.03820037841797,8.364100456237793,112.0,297.7737121582031,2
168,51.29629898071289,9.442399978637695,231.0,279.01727294921875,4
169,47.86520004272461,10.600700378417969,716.0,671.5670776367188,6
170,47.72330093383789,10.334799766540527,705.0,1236.829345703125,6
171,54.3760986328125,10.14330005645752,27.0,17.762428283691406,1
172,53.9995002746582,11.434100151062012,12.0,17.395309448242188,5
173,50.224098205566406,10.07919979095459,282.0,326.77606201171875,4
174,49.73630142211914,10.178099632263184,188.0,349.00341796875,2
175,50.2218017578125,8.446900367736816,826.0,229.38954162597656,0
176,50.84579849243164,10.480299949645996,732.0,346.56707763671875,4
177,51.55550003051758,13.884499549865723,128.0,132.83738708496094,3
178,51.761199951171875,6.095399856567383,46.0,14.69198226928711,0
179,48.10540008544922,8.754899978637695,973.0,604.885009765625,2
180,51.51850128173828,12.906499862670898,85.0,118.58650970458984,3
181,50.864601135253906,7.15749979019165,92.0,181.63076782226562,0
182,50.284000396728516,10.445599555969238,288.0,417.02044677734375,4
183,48.8302001953125,11.487199783325195,416.0,435.30963134765625,6
184,51.7510986328125,12.009400367736816,76.0,76.50138092041016,3
185,47.665199279785156,11.080400466918945,740.0,1268.06787109375,6
186,47.677398681640625,9.190099716186523,443.0,695.1961059570312,2
187,50.25230026245117,11.320899963378906,312.0,456.6358642578125,4
188,49.42829895019531,11.901599884033203,417.0,481.33294677734375,6
189,52.93629837036133,12.409299850463867,40.0,50.068851470947266,5
190,53.91559982299805,12.279000282287598,40.0,26.206151962280273,5
191,48.36470031738281,7.828000068664551,155.0,401.9352111816406,2
192,48.51210021972656,9.76449966430664,685.0,532.6961669921875,2
193,48.07720184326172,10.914400100708008,621.0,662.689453125,6
194,51.917301177978516,13.087800025939941,91.0,68.7585220336914,3
195,48.21760177612305,9.909700393676758,539.0,652.1431274414062,2
196,48.184898376464844,10.850700378417969,550.0,662.689453125,6
197,54.79029846191406,8.951399803161621,7.0,16.827943801879883,1
198,51.3932991027832,10.312299728393555,356.0,293.33489990234375,4
199,51.315101623535156,12.446200370788574,138.0,116.38379669189453,3
200,51.43479919433594,12.23960018157959,131.0,125.26139068603516,3
201,51.13330078125,8.034799575805664,286.0,352.7079772949219,0
202,53.10070037841797,11.48639965057373,20.0,41.52500534057617,5
203,54.49959945678711,10.273699760437012,31.0,11.621536254882812,1
204,50.93830108642578,14.20930004119873,321.0,281.82073974609375,3
205,52.208499908447266,14.118000030517578,98.0,60.14792251586914,3
206,52.51810073852539,7.30810022354126,22.0,36.652339935302734,1
207,51.785499572753906,8.838800430297852,157.0,158.435546875,0
208,51.63359832763672,8.394499778747559,92.0,283.5228271484375,0
209,55.01100158691406,8.412500381469727,25.0,5.947887420654297,1
210,50.45050048828125,11.635000228881836,500.0,456.6358642578125,4
211,51.926700592041016,13.87969970703125,57.0,60.14792251586914,3
212,53.8025016784668,10.698800086975098,16.0,25.438541412353516,5
213,52.9724006652832,11.137399673461914,17.0,45.89705276489258,5
214,51.245201110839844,7.642499923706055,387.0,257.0235595703125,0
215,52.102901458740234,11.5826997756958,76.0,124.52715301513672,4
216,50.10150146484375,6.800899982452393,413.0,369.8957824707031,0
217,52.54679870605469,14.54520034790039,12.0,54.207279205322266,3
218,50.84920120239258,8.7746000289917,187.0,355.01080322265625,0
219,50.6510009765625,13.146900177001953,639.0,509.1338195800781,3
220,50.6619987487793,7.96019983291626,547.0,308.1197814941406,0
221,53.32229995727539,11.931900024414062,81.0,48.199886322021484,5
222,51.72589874267578,11.510899543762207,107.0,186.77041625976562,4
223,50.56119918823242,10.377099990844727,450.0,417.02044677734375,4
224,51.129398345947266,13.432700157165527,157.0,299.87628173828125,3
225,49.477298736572266,9.762200355529785,250.0,349.00341796875,2
226,48.16939926147461,8.943300247192383,900.0,604.885009765625,2
227,48.854801177978516,12.918899536132812,313.0,531.628173828125,6
228,49.66910171508789,9.008500099182129,240.0,254.08660888671875,2
229,49.71760177612305,9.099699974060059,453.0,254.08660888671875,2
230,50.72809982299805,11.78380012512207,355.0,481.33294677734375,4
231,49.764400482177734,9.253000259399414,239.0,296.438720703125,2
232,50.43830108642578,7.806099891662598,265.0,308.1197814941406,0
233,51.72090148925781,9.835200309753418,240.0,283.88995361328125,4
234,48.97209930419922,8.87339973449707,244.0,342.3952941894531,2
235,48.27909851074219,12.502400398254395,406.0,428.0673828125,6
236,52.517601013183594,14.123200416564941,63.0,50.50271987915039,3
237,48.16310119628906,11.542900085449219,515.0,645.2012939453125,6
238,48.385101318359375,9.483699798583984,750.0,531.39453125,2
239,51.566001892089844,14.700900077819824,125.0,145.1859130859375,3
240,50.357398986816406,8.75059986114502,149.0,309.5882263183594,0
241,48.70970153808594,11.209600448608398,380.0,483.201904296875,6
242,48.311500549316406,10.377300262451172,486.0,507.1980895996094,6
243,50.53459930419922,7.085299968719482,111.0,312.95904541015625,0
244,53.10200119018555,13.042099952697754,77.0,54.44089889526367,5
245,50.50019836425781,11.134400367736816,845.0,436.010498046875,4
246,50.89229965209961,9.404999732971191,500.0,336.8885192871094,4
247,50.844600677490234,7.372000217437744,195.0,257.0235595703125,0
248,49.34360122680664,7.229499816894531,236.0,324.506591796875,2
249,52.90370178222656,12.80720043182373,38.0,54.44089889526367,5
250,50.67430114746094,6.423999786376953,350.0,329.9466247558594,0
251,49.38949966430664,9.96660041809082,459.0,349.00341796875,2
252,48.82529830932617,10.506699562072754,435.0,449.05987548828125,6
253,50.82939910888672,6.660200119018555,111.0,130.5011749267578,0
254,53.71229934692383,7.151899814605713,12.0,3.4448068141937256,1
255,53.76470184326172,8.658300399780273,25.0,1.5758401155471802,1
256,50.36009979248047,6.869699954986572,485.0,312.95904541015625,0
257,49.42580032348633,11.253800392150879,368.0,436.71136474609375,6
258,49.50299835205078,11.054900169372559,314.0,400.0662536621094,6
259,47.61869812011719,12.166600227355957,518.0,1224.7144775390625,6
260,47.39860153198242,10.276000022888184,806.0,1236.829345703125,6
261,49.12799835205078,9.352499961853027,230.0,395.0267333984375,2
262,49.45209884643555,12.436599731445312,596.0,513.5726318359375,6
263,49.207000732421875,9.517499923706055,276.0,395.0267333984375,2
264,53.176300048828125,8.18239974975586,11.0,19.39777374267578,1
265,51.29600143432617,13.09280014038086,150.0,118.58650970458984,3
266,52.25529861450195,8.053400039672852,95.0,47.63252258300781,1
267,51.08729934692383,11.929200172424316,246.0,266.134765625,4
268,50.453800201416016,10.221099853515625,312.0,397.06256103515625,4
269,47.636199951171875,10.389200210571289,885.0,1236.829345703125,6
270,49.1510009765625,11.689599990844727,549.0,435.30963134765625,6
271,54.089298248291016,10.877300262451172,2.0,26.773517608642578,5
272,49.53559875488281,6.38040018081665,152.0,319.0665588378906,0
273,48.932899475097656,8.69729995727539,333.0,297.7737121582031,2
274,47.93439865112305,9.28689956665039,630.0,601.8812866210938,2
275,49.191200256347656,7.587900161743164,385.0,274.71197509765625,2
276,50.48189926147461,12.130000114440918,386.0,481.33294677734375,4
277,49.477699279785156,11.535699844360352,522.0,436.71136474609375,6
278,52.38130187988281,13.062199592590332,81.0,47.3321533203125,3
279,54.36429977416992,13.477100372314453,40.0,1.4423425197601318,5
280,51.7952995300293,11.131999969482422,142.0,175.75686645507812,4
281,53.73310089111328,9.877599716186523,11.0,34.249385833740234,1
282,52.44609832763672,8.59060001373291,41.0,57.44459533691406,1
283,47.80619812011719,9.620599746704102,440.0,601.8812866210938,2
284,49.04240036010742,12.102100372314453,365.0,436.9449768066406,6
285,50.9906005859375,7.695799827575684,350.0,257.0235595703125,0
286,48.74250030517578,8.923999786376953,478.0,528.82470703125,2
287,48.6702995300293,7.993899822235107,131.0,401.9352111816406,2
288,52.288700103759766,7.386600017547607,40.0,36.652339935302734,1
289,47.558998107910156,7.77209997177124,282.0,568.9407348632812,2
290,48.14789962768555,9.459600448608398,533.0,601.8812866210938,2
291,47.87540054321289,12.128000259399414,444.0,631.6512451171875,6
292,54.180301666259766,12.08080005645752,4.0,28.8761043548584,5
293,53.12879943847656,9.339799880981445,32.0,38.087440490722656,1
294,49.216400146484375,11.103599548339844,386.0,442.8188781738281,6
295,49.38479995727539,10.173199653625488,415.0,349.00341796875,2
296,48.181400299072266,8.635600090026855,588.0,593.4375610351562,2
297,49.85020065307617,7.870999813079834,102.0,263.8319396972656,0
298,49.64680099487305,7.883699893951416,461.0,246.74423217773438,0
299,49.212799072265625,7.107699871063232,320.0,283.5228271484375,2
300,48.95690155029297,9.071000099182129,248.0,342.3952941894531,2
301,48.783199310302734,13.314599990844727,456.0,584.5599975585938,6
302,52.10419845581055,8.752099990844727,135.0,158.435546875,1
303,50.35169982910156,10.003399848937988,510.0,397.06256103515625,4
304,54.32789993286133,8.603099822998047,5.0,0.8082287311553955,1
305,49.919498443603516,8.967100143432617,155.0,252.15087890625,0
306,51.76580047607422,10.653300285339355,609.0,219.21034240722656,4
307,50.567901611328125,11.804100036621094,501.0,481.33294677734375,4
308,54.52750015258789,9.548700332641602,43.0,14.892228126525879,1
309,50.34469985961914,9.553400039672852,230.0,348.8699035644531,4
310,50.724998474121094,10.453900337219238,296.0,417.02044677734375,4
311,50.654598236083984,10.76930046081543,937.0,436.010498046875,4
312,50.29679870605469,6.419400215148926,649.0,329.9466247558594,0
313,49.16429901123047,12.617500305175781,399.0,458.2044677734375,6
314,50.49250030517578,9.122599601745605,265.0,309.5882263183594,0
315,49.32780075073242,12.086999893188477,356.0,481.33294677734375,6
316,50.64400100708008,11.193699836730957,277.0,436.010498046875,4
317,53.64250183105469,11.387200355529785,59.0,39.68941116333008,5
318,52.8911018371582,11.729700088500977,21.0,41.52500534057617,5
319,51.90399932861328,10.18850040435791,186.0,198.5849609375,4
320,48.099998474121094,9.25,645.0,604.885009765625,2
321,48.0718994140625,9.194199562072754,580.0,604.885009765625,2
322,47.577598571777344,9.740400314331055,507.0,825.5899658203125,2
323,48.27190017700195,13.027299880981445,360.0,461.4418029785156,6
324,49.24470138549805,8.878700256347656,169.0,342.3952941894531,2
325,52.96039962768555,9.793100357055664,76.0,48.3333854675293,1
326,51.35200119018555,10.905900001525879,221.0,251.149658203125,4
327,50.37459945678711,11.18280029296875,626.0,436.010498046875,4
328,51.060699462890625,9.926600456237793,265.0,341.8946533203125,4
329,53.69459915161133,8.873499870300293,1.0,12.823015213012695,1
330,53.55270004272461,9.609399795532227,1.0,22.067726135253906,1
331,51.66460037231445,10.881099700927734,504.0,251.149658203125,4
332,48.66569900512695,9.86460018157959,734.0,532.6961669921875,2
333,54.665401458740234,9.805000305175781,40.0,17.762428283691406,1
334,48.82749938964844,12.559800148010254,350.0,458.2044677734375,6
335,48.78960037231445,9.216699600219727,224.0,342.3952941894531,2
336,48.82820129394531,9.199999809265137,314.0,342.3952941894531,2
337,48.68830108642578,9.22350025177002,371.0,528.82470703125,2
338,50.638999938964844,10.02280044555664,395.0,397.06256103515625,4
339,50.97710037231445,12.341899871826172,193.0,282.3880920410156,3
340,53.76100158691406,12.55739974975586,38.0,26.206151962280273,5
341,53.27579879760742,8.985699653625488,7.0,12.823015213012695,1
342,50.40019989013672,11.388899803161621,633.0,456.6358642578125,4
343,49.47380065917969,7.038599967956543,386.0,324.506591796875,0
344,51.28969955444336,6.443699836730957,37.0,40.523773193359375,0
345,54.06610107421875,12.767499923706055,10.0,23.26920509338379,5
346,49.74789810180664,6.658199787139893,265.0,319.0665588378906,0
347,53.599700927734375,13.303899765014648,69.0,44.562076568603516,5
348,48.03110122680664,12.539600372314453,559.0,627.5128173828125,6
349,51.33440017700195,8.913200378417969,295.0,287.9949951171875,0
350,53.74440002441406,14.069700241088867,1.0,39.32229232788086,5
351,52.94139862060547,10.528900146484375,50.0,52.43843460083008,1
352,49.574100494384766,10.19159984588623,308.0,349.00341796875,2
353,48.38370132446289,9.952400207519531,567.0,532.6961669921875,2
354,52.160099029541016,11.17590045928955,162.0,175.75686645507812,4
355,48.0452995300293,8.460800170898438,720.0,593.4375610351562,2
356,49.24449920654297,8.537400245666504,105.0,297.7737121582031,2
357,50.8119010925293,9.128000259399414,349.0,355.01080322265625,0
358,51.61940002441406,9.574899673461914,176.0,279.01727294921875,4
359,50.25960159301758,8.360699653625488,380.0,291.76629638671875,0
360,50.89630126953125,10.548399925231934,348.0,346.56707763671875,4
361,51.50400161743164,9.111800193786621,236.0,287.9949951171875,4
362,53.51959991455078,12.665399551391602,73.0,52.57193374633789,5
363,50.49729919433594,9.94279956817627,921.0,397.06256103515625,4
364,49.66630172729492,12.184499740600586,440.0,481.33294677734375,6
365,50.975101470947266,11.307600021362305,264.0,296.2718505859375,4
366,49.37580108642578,8.121299743652344,553.0,246.74423217773438,2
367,49.55339813232422,6.811999797821045,380.0,324.506591796875,0
368,49.011600494384766,10.930800437927246,439.0,442.8188781738281,6
369,47.70349884033203,12.011899948120117,1832.0,1224.7144775390625,6
370,51.57630157470703,7.887899875640869,85.0,239.26837158203125,0
371,51.845401763916016,10.768600463867188,233.0,175.75686645507812,4
372,54.52840042114258,11.060500144958496,3.0,7.950351715087891,5
373,47.8827018737793,11.157600402832031,550.0,662.689453125,6
374,50.13199996948242,8.317000389099121,263.0,229.38954162597656,0
375,52.12070083618164,12.458499908447266,187.0,71.99584197998047,3
376,48.6515998840332,8.680100440979004,570.0,485.07086181640625,2
377,51.889198303222656,12.644499778747559,105.0,71.99584197998047,3
378,53.55039978027344,7.667200088500977,8.0,4.5795369148254395,1
379,53.1864013671875,12.49489974975586,66.0,50.068851470947266,5
380,48.2952995300293,8.239100456237793,291.0,401.9352111816406,2
381,49.605098724365234,8.365900039672852,88.0,224.45013427734375,2
382,49.770301818847656,9.9576997756958,268.0,326.77606201171875,2
383,52.46049880981445,9.431099891662598,57.0,75.70040130615234,1
384,51.22480010986328,7.105299949645996,130.0,181.63076782226562,0
385,51.205101013183594,7.199999809265137,235.0,181.63076782226562,0
386,47.67829895019531,8.38010025024414,398.0,623.1408081054688,2
387,52.966400146484375,13.326800346374512,51.0,54.14052963256836,5
388,51.03139877319336,12.149499893188477,170.0,266.134765625,4
389,50.73139953613281,13.75160026550293,877.0,352.44097900390625,3
390,47.4208984375,10.984700202941895,2964.0,1268.06787109375,6
391,50.687801361083984,12.432900428771973,353.0,521.1820068359375,3
392,49.02799987792969,13.238499641418457,615.0,531.628173828125,6
393,52.862998962402344,8.698800086975098,40.0,23.002208709716797,1
394,52.61980056762695,12.786700248718262,40.0,47.3321533203125,5
395,53.388099670410156,7.228700160980225,0.0,3.4448068141937256,1
396,48.545101165771484,13.353099822998047,476.0,515.641845703125,6
397,49.94620132446289,7.264500141143799,497.0,325.1407165527344,0
398,49.50899887084961,8.554100036621094,96.0,224.45013427734375,2
399,54.64099884033203,10.023799896240234,1.0,17.762428283691406,1
400,53.21390151977539,10.470399856567383,62.0,52.43843460083008,1
401,54.319400787353516,9.805100440979004,14.0,17.762428283691406,1
402,53.38370132446289,14.37279987335205,50.0,37.319828033447266,5
403,51.05929946899414,14.426600456237793,290.0,300.6438903808594,3
404,49.224700927734375,10.608400344848633,455.0,449.05987548828125,6
405,54.165401458740234,10.351900100708008,27.0,25.438541412353516,1
406,52.01919937133789,14.7253999710083,40.0,66.18869018554688,3
407,48.775699615478516,12.174300193786621,404.0,436.9449768066406,6
408,50.19889831542969,7.865099906921387,268.0,263.8319396972656,0
409,51.86640167236328,9.270899772644043,258.0,179.7617950439453,4
410,54.2484016418457,13.041799545288086,16.0,23.26920509338379,5
411,49.2406005859375,6.935100078582764,190.0,283.5228271484375,2
412,47.68450164794922,9.440899848937988,459.0,825.5899658203125,2
413,49.020999908447266,9.60319995880127,523.0,395.0267333984375,2
414,49.332801818847656,9.704000473022461,385.0,307.31878662109375,2
415,48.769500732421875,9.873700141906738,413.0,443.6866149902344,2
416,47.773799896240234,8.821900367736816,445.0,604.885009765625,2
417,51.41400146484375,8.649999618530273,457.0,283.5228271484375,0
418,52.36130142211914,12.386699676513672,36.0,46.06392288208008,3
419,52.030399322509766,10.962599754333496,112.0,175.75686645507812,4
420,50.84260177612305,10.251799583435059,283.0,346.56707763671875,4
421,52.50749969482422,11.85509967803955,36.0,47.065155029296875,5
422,48.670501708984375,9.462699890136719,325.0,531.39453125,2
423,51.20610046386719,10.49779987335205,193.0,346.56707763671875,4
424,54.10490036010742,13.82390022277832,1.0,12.689517974853516,5
425,49.53139877319336,10.641799926757812,362.0,371.1306457519531,6
426,51.05070114135742,13.300299644470215,308.0,299.87628173828125,3
427,50.01319885253906,9.654000282287598,285.0,296.438720703125,4
428,51.766300201416016,7.5192999839782715,59.0,68.05765533447266,0
429,50.39400100708008,8.14229965209961,168.0,308.1197814941406,0
430,48.207000732421875,11.203499794006348,530.0,662.689453125,6
431,50.057899475097656,10.297200202941895,304.0,350.4385070800781,4
432,48.70199966430664,11.849300384521484,425.0,443.01910400390625,6
433,52.01110076904297,10.396599769592285,187.0,219.21034240722656,4
434,47.834999084472656,12.654800415039062,721.0,627.5128173828125,6
435,52.0713996887207,8.456500053405762,105.0,128.4987030029297,1
436,49.76359939575195,9.406299591064453,193.0,296.438720703125,2
437,54.526798248291016,9.042499542236328,5.0,6.682124137878418,1
438,48.73509979248047,10.741499900817871,434.0,507.1980895996094,6
439,51.150699615478516,11.332099914550781,160.0,296.2718505859375,4
440,50.54669952392578,12.286299705505371,465.0,521.1820068359375,4
441,51.463401794433594,7.978000164031982,159.0,239.26837158203125,0
442,48.609901428222656,10.267399787902832,468.0,507.1980895996094,2
443,50.09000015258789,8.786199569702148,119.0,252.15087890625,0
444,50.61989974975586,13.481599807739258,688.0,450.96221923828125,3
445,49.10879898071289,12.823100090026855,588.0,531.628173828125,6
446,53.317501068115234,13.417499542236328,115.0,44.562076568603516,5
447,51.68199920654297,12.304200172424316,74.0,116.38379669189453,3
448,49.390899658203125,12.683799743652344,499.0,513.5726318359375,6
449,53.5984001159668,6.702400207519531,3.0,-1.4278564453125,1
450,52.08140182495117,6.940999984741211,46.0,46.83153533935547,0
451,52.74610137939453,13.842700004577637,82.0,50.50271987915039,3
452,50.03150177001953,11.974499702453613,622.0,535.9334716796875,4
453,50.00830078125,9.42389965057373,340.0,296.438720703125,0
454,50.6609992980957,12.075699806213379,390.0,481.33294677734375,4
455,47.77239990234375,12.907299995422363,458.0,636.8242797851562,6
456,54.16510009765625,6.3460001945495605,0.0,-0.19300344586372375,1
457,51.02399826049805,13.773699760437012,119.0,281.82073974609375,3
458,51.38949966430664,11.541199684143066,204.0,186.77041625976562,4
459,53.922401428222656,10.226699829101562,35.0,24.0701904296875,1
460,47.67539978027344,12.469799995422363,685.0,1237.6971435546875,6
461,52.93349838256836,8.237000465393066,44.0,19.39777374267578,1
462,48.61589813232422,13.050600051879883,340.0,461.4418029785156,6
463,47.85969924926758,8.230799674987793,852.0,535.6331176757812,2
464,52.67110061645508,9.222900390625,25.0,67.39016723632812,1
465,51.104400634765625,11.711199760437012,246.0,296.2718505859375,4
466,47.795501708984375,10.032400131225586,672.0,652.1431274414062,2
467,50.41669845581055,10.815600395202637,397.0,436.010498046875,4
468,52.64229965209961,10.662699699401855,72.0,95.52479553222656,1
469,49.18040084838867,9.979999542236328,426.0,443.6866149902344,2
470,51.017601013183594,11.354399681091309,325.0,296.2718505859375,4
471,51.5088005065918,6.7017998695373535,25.0,40.523773193359375,0
472,52.71979904174805,7.747200012207031,22.0,36.652339935302734,1
473,50.2046012878418,12.143500328063965,609.0,535.9334716796875,4
474,54.49369812011719,11.240500450134277,5.0,7.950351715087891,5
475,52.544700622558594,13.559800148010254,60.0,49.334617614746094,3
476,49.2942008972168,8.905400276184082,237.0,254.08660888671875,2
477,54.018798828125,9.92549991607666,17.0,24.0701904296875,1
478,47.83420181274414,10.866700172424316,756.0,662.689453125,6
479,51.790401458740234,10.347000122070312,585.0,219.21034240722656,4
480,53.64099884033203,8.08080005645752,8.0,5.247025012969971,1
481,51.000701904296875,10.362099647521973,312.0,346.56707763671875,4
482,49.16230010986328,10.36620044708252,475.0,449.05987548828125,2
483,48.01300048828125,11.552399635314941,604.0,645.2012939453125,6
484,52.0817985534668,9.407699584960938,77.0,179.7617950439453,4
485,51.089900970458984,7.629000186920166,380.0,257.0235595703125,0
486,50.266700744628906,9.185400009155273,258.0,309.5882263183594,0
487,51.96440124511719,9.80720043182373,144.0,198.5849609375,4
488,48.65959930419922,12.538800239562988,350.0,428.0673828125,6
489,51.59659957885742,7.404900074005127,68.0,160.43801879882812,0
490,50.68190002441406,11.515000343322754,289.0,456.6358642578125,4
491,51.47890090942383,7.269700050354004,101.0,160.43801879882812,0
492,52.91569900512695,10.18850040435791,73.0,48.3333854675293,1
493,49.81740188598633,11.863800048828125,452.0,535.9334716796875,6
494,50.85340118408203,7.996600151062012,229.0,352.7079772949219,0
495,49.857601165771484,12.35420036315918,500.0,561.6317749023438,6
496,52.17890167236328,9.952400207519531,85.0,198.5849609375,4
497,47.477901458740234,11.265299797058105,981.0,1245.006103515625,6
498,48.57339859008789,12.257599830627441,490.0,428.0673828125,6
499,49.965599060058594,8.213899612426758,195.0,263.8319396972656,0
500,50.508399963378906,9.224699974060059,743.0,309.5882263183594,0
501,51.33290100097656,7.341100215911865,205.0,160.43801879882812,0
502,50.56169891357422,8.23859977722168,230.0,308.1197814941406,0
503,49.732601165771484,6.613100051879883,132.0,319.0665588378906,0
504,52.246700286865234,10.959199905395508,110.0,175.75686645507812,4
505,50.7333984375,10.881500244140625,427.0,436.010498046875,4
506,50.12689971923828,8.669400215148926,124.0,229.38954162597656,0
507,55.0,6.3333001136779785,3.0,0.20748943090438843,1
508,48.972599029541016,8.330100059509277,116.0,297.7737121582031,2
509,48.40250015258789,11.694600105285645,477.0,461.5752868652344,6
510,50.98939895629883,6.977700233459473,43.0,181.63076782226562,0
511,52.954200744628906,7.3196001052856445,8.0,15.259346961975098,1
512,54.599998474121094,11.149999618530273,0.0,7.950351715087891,5
513,48.537601470947266,9.273300170898438,355.0,531.39453125,2
514,48.71120071411133,11.536199569702148,364.0,461.5752868652344,6
515,47.924198150634766,8.647299766540527,672.0,593.4375610351562,2
516,47.981998443603516,10.138400077819824,615.0,652.1431274414062,2
517,48.215599060058594,8.978400230407715,759.0,604.885009765625,2
518,51.44929885864258,14.253299713134766,116.0,145.1859130859375,3
519,52.39619827270508,10.689200401306152,82.0,95.52479553222656,4
520,51.6254997253418,10.369500160217285,238.0,293.33489990234375,4
521,52.31700134277344,8.169400215148926,103.0,47.63252258300781,1
522,51.18000030517578,7.250500202178955,345.0,257.0235595703125,0
523,50.75130081176758,9.02239990234375,350.0,355.01080322265625,0
524,50.798301696777344,6.024400234222412,231.0,107.43946075439453,0
525,48.91709899902344,9.687199592590332,489.0,395.0267333984375,2
526,50.42369842529297,7.420199871063232,75.0,300.6438903808594,0
527,49.99959945678711,7.598100185394287,445.0,325.1407165527344,0
528,53.064300537109375,7.902200222015381,6.0,19.39777374267578,1
529,48.77259826660156,12.217700004577637,418.0,436.9449768066406,6
530,51.28350067138672,9.359000205993652,317.0,279.01727294921875,4
531,52.715599060058594,7.317599773406982,19.0,36.652339935302734,1
532,48.44179916381836,9.921600341796875,593.0,532.6961669921875,2
533,51.841800689697266,8.060700416564941,104.0,95.69166564941406,0
534,47.8760986328125,10.584799766540527,816.0,671.5670776367188,6
535,48.48780059814453,10.260700225830078,444.0,507.1980895996094,2
